rl_id	mv_id	rl_name
1365	13	Автостанция Аврора - Железнодорожный вокзал (стоянка)
1366	13	Железнодорожный вокзал (стоянка) - Автостанция Аврора
1565	15	Дом Печати - Завод Экран
1566	15	Завод Экран - Дом Печати
1567	15	Дом Печати - Завод Экран
1568	15	Завод Экран - Дом Печати
1569	15	Дом Печати - Станция метро Кировская
1570	15	Станция метро Кировская - Дом Печати
1571	15	Дом Печати - Площадь им. Кирова
1572	15	Площадь им. Кирова - Дом Печати
1665	16	14-й микрорайон - Хлебная площадь
1666	16	Хлебная площадь - 14-й микрорайон
2365	23	9-й микрорайон - Завод Экран
2366	23	Завод Экран - 9-й микрорайон
2367	23	9-й микрорайон - Заводское шоссе
2368	23	Заводское шоссе - 9-й микрорайон
2369	23	9-й микрорайон - ул.Красных Коммунаров
2370	23	ул.Красных Коммунаров - 9-й микрорайон
2565	25	9-й микрорайон - ул.Высоцкого
2566	25	ул.Высоцкого - 9-й микрорайон
2965	29	Автовокзал Центральный - ул.Кабельная
2966	29	ул.Кабельная - Автовокзал Центральный
3665	36	Приволжский микрорайон - Юнгородок
3666	36	Юнгородок - Приволжский микрорайон
3765	37	Завод Металлург - Площадь Революции
3766	37	Площадь Революции - Завод Металлург
4065	40	Клуб Мир - СЗКС
4066	40	СЗКС - Клуб Мир
4067	40	Завод Экран - ул.Стара-Загора
4068	40	ул.Стара-Загора - Завод Экран
4069	40	ОАО Моторостроитель - Завод Экран
4070	40	Завод Экран - ОАО Моторостроитель
4071	40	Троллейбусное депо № 2 - ул.Стара-Загора
4072	40	ул.Стара-Загора - Троллейбусное депо № 2
4073	40	ОАО Моторостроитель - СЗКС
4074	40	СЗКС - ОАО Моторостроитель
4075	40	Троллейбусное депо № 2 - Клуб Мир
4076	40	Клуб Мир - Троллейбусное депо № 2
4077	40	Завод Экран - Клуб Мир
4078	40	Клуб Мир - Завод Экран
4365	43	ТЦ Колизей - ТЦ Колизей
4465	44	ТЦ Колизей - ТЦ Колизей
5165	51	Завод Металлург - Институт Индустройпроект
5166	51	Институт Индустройпроект - Завод Металлург
5167	51	АТП 5 - Институт Индустройпроект
5168	51	Институт Индустройпроект - АТП 5
5169	51	Станция метро Победа - Институт Индустройпроект
5170	51	Институт Индустройпроект - Станция метро Победа
5565	55	Завод Металлург - Троллейбусное депо № 2
5566	55	Троллейбусное депо № 2 - Завод Металлург
5567	55	ул.Стара-Загора - Троллейбусное депо № 2
5568	55	Троллейбусное депо № 2 - ул.Стара-Загора
5665	56	Хлебная площадь - СДМ Новая деревня
5666	56	СДМ Новая деревня - Хлебная площадь
7465	74	ул.Физкультурная - 3-я дачная (Алексеевские дачи)
7466	74	3-я дачная (Алексеевские дачи) - ул.Физкультурная
9365	93	ул.Грозненская - ЦУМ Самара-Пригородный автовокзал
9366	93	ЦУМ Самара-Пригородный автовокзал - ул.Грозненская
9465	94	ул.Грозненская - Площадь Революции
9466	94	Площадь Революции - ул.Грозненская
9665	96	Автостанция Аврора - СДМ Журавли (Хоз.двор)
9666	96	СДМ Журавли (Хоз.двор) - Автостанция Аврора
10665	106	пр. Карла Маркса - Завод Экран
10666	106	Завод Экран - пр. Карла Маркса
10667	106	пр. Карла Маркса - Кинотеатр Шипка
10668	106	Кинотеатр Шипка - пр. Карла Маркса
10669	106	Кинотеатр Шипка - Завод Экран
10670	106	Завод Экран - Кинотеатр Шипка
10671	106	пр. Карла Маркса - Кинотеатр Шипка
10672	106	Кинотеатр Шипка - пр. Карла Маркса
10673	106	Кинотеатр Шипка - Завод Экран
10674	106	Завод Экран - Кинотеатр Шипка
10675	106	Кинотеатр Шипка - ул.Фадеева
10865	108	Завод Экран - Кинотеатр Шипка
10866	108	Кинотеатр Шипка - Завод Экран
10867	108	Завод Экран - Кинотеатр Шипка
10868	108	Кинотеатр Шипка - Завод Экран
10965	109	Завод Металлург - Железнодорожный вокзал
10966	109	Железнодорожный вокзал - Завод Металлург
10967	109	Завод Металлург - ул.Ульяновская
10968	109	ул.Ульяновская - Завод Металлург
10969	109	Губернский рынок - Железнодорожный вокзал
10970	109	Железнодорожный вокзал - Губернский рынок
10971	109	Завод Металлург - Губернский рынок
10972	109	Губернский рынок - Завод Металлург
10973	109	ул.Ульяновская - Железнодорожный вокзал
10974	109	Железнодорожный вокзал - ул.Ульяновская
10975	109	Завод Металлург - Губернский рынок
10976	109	Губернский рынок - Завод Металлург
10977	109	Губернский рынок - Железнодорожный вокзал
10978	109	Железнодорожный вокзал - Губернский рынок
10979	109	Безымянский рынок - Железнодорожный вокзал
10980	109	Железнодорожный вокзал - Безымянский рынок
10981	109	Завод Металлург - ул.Воронежская
10982	109	ул.Воронежская - Завод Металлург
10983	109	ул.Воронежская - Железнодорожный вокзал
10984	109	Железнодорожный вокзал - ул.Воронежская
10985	109	Безымянский рынок - Троллейбусное депо № 2
10986	109	Троллейбусное депо № 2 - Безымянский рынок
10987	109	Троллейбусное депо № 2 - ул.Воронежская
10988	109	ул.Воронежская - Троллейбусное депо № 2
10989	109	ул.Воронежская - Троллейбусное депо № 2
10990	109	Троллейбусное депо № 2 - ул.Воронежская
11865	118	Северное трамвайное депо - ул.Красноармейская
11866	118	ул.Красноармейская - Северное трамвайное депо
11867	118	СТД - ул.Красноармейская
11868	118	ул.Красноармейская - СТД
11869	118	СТД - ул.Чапаевская
11870	118	ул.Чапаевская - СТД
11871	118	Северное трамвайное депо - ул.Чапаевская
11872	118	ул.Чапаевская - Северное трамвайное депо
12065	120	Постников овраг - Юнгородок
12066	120	Юнгородок - Постников овраг
12067	120	Постников овраг - Станция метро Победа
12068	120	Станция метро Победа - Постников овраг
12069	120	Постников овраг - ул.Красных Коммунаров
12070	120	ул.Красных Коммунаров - Постников овраг
12071	120	ул.Красных Коммунаров - Юнгородок
12072	120	Юнгородок - ул.Красных Коммунаров
12073	120	ул.Красных Коммунаров - Юнгородок
12074	120	Юнгородок - ул.Красных Коммунаров
12165	121	Костромской переулок - Юнгородок
12166	121	Юнгородок - Костромской переулок
12167	121	ул.Красных Коммунаров - Юнгородок
12168	121	Юнгородок - ул.Красных Коммунаров
12169	121	ул.Красных Коммунаров - Юнгородок
12170	121	Юнгородок - ул.Красных Коммунаров
12171	121	Костромской переулок - Стадион Металлург
12172	121	Стадион Металлург - Костромской переулок
12173	121	Стадион Металлург - Юнгородок
12174	121	Юнгородок - Стадион Металлург
12265	122	Северное трамвайное депо - ул.Чапаевская
12266	122	ул.Чапаевская - Северное трамвайное депо
12267	122	СТД - ул.Чапаевская
12268	122	ул.Чапаевская - СТД
12465	124	Постников овраг - ул.Тухачевского
12466	124	ул.Тухачевского - Постников овраг
12467	124	Постников овраг - ул.Полевая
12468	124	ул.Полевая - Постников овраг
12469	124	ул.XXII Партсъезда - ул.Тухачевского
12470	124	ул.Тухачевского - ул.XXII Партсъезда
12471	124	СТД - ул.Тухачевского
12472	124	ул.Тухачевского - СТД
12473	124	Постников овраг - СТД
12474	124	СТД - Постников овраг
12475	124	Постников овраг - СТД
12476	124	СТД - Постников овраг
12477	124	Постников овраг - Станция 1
12478	124	Станция 1 - Постников овраг
12479	124	Постников овраг - ул.Арцыбушевская
12480	124	ул.Арцыбушевская - Постников овраг
12481	124	СТД - ул.XXII Партсъезда
12482	124	ул.XXII Партсъезда - СТД
12565	125	Постников овраг - Автостанция Аврора
12566	125	Автостанция Аврора - Постников овраг
12567	125	Постников овраг - ул.Арцыбушевская
12568	125	ул.Арцыбушевская - Постников овраг
12569	125	ТЦ Аквариум - Автостанция Аврора
12570	125	Автостанция Аврора - ТЦ Аквариум
12571	125	ул.Полевая - Автостанция Аврора
12572	125	Автостанция Аврора - ул.Полевая
12573	125	Постников овраг - Станция 1
12574	125	Станция 1 - Постников овраг
12575	125	Станция 1 - Автостанция Аврора
12576	125	Автостанция Аврора - Станция 1
12577	125	Постников овраг - Сквер Мичурина
12578	125	Сквер Мичурина - Постников овраг
12579	125	Станция 2 - Автостанция Аврора
12580	125	Автостанция Аврора - Станция 2
12865	128	Костромской переулок - Постников овраг
12866	128	Постников овраг - Костромской переулок
12867	128	Станция метро Победа - Постников овраг
12868	128	Постников овраг - Станция метро Победа
12869	128	Костромской переулок - Станция метро Победа
12870	128	Станция метро Победа - Костромской переулок
12871	128	ул.Арцыбушевская - Постников овраг
12872	128	Постников овраг - ул.Арцыбушевская
12873	128	Сквер Мичурина - Постников овраг
12874	128	Постников овраг - Сквер Мичурина
12875	128	Костромской переулок - Постников овраг
12876	128	Постников овраг - Костромской переулок
12877	128	Костромской переулок - ул.Красных Коммунаров
12878	128	ул.Красных Коммунаров - Костромской переулок
12879	128	ул.Красных Коммунаров - Постников овраг
12880	128	Постников овраг - ул.Красных Коммунаров
12881	128	Костромской переулок - кДпеч
12882	128	кДпеч - Костромской переулок
12883	128	Станция метро Победа - кДпеч
12884	128	кДпеч - Станция метро Победа
12885	128	Костромской переулок - Станция 2 А
12886	128	Станция 2 А - Костромской переулок
12887	128	Станция 2 А - кДпеч
12888	128	кДпеч - Станция 2 А
12889	128	кДпеч - ул.Красных Коммунаров
12890	128	ул.Красных Коммунаров - кДпеч
12965	129	ул.Тухачевского - ул.Чапаевская
12966	129	ул.Чапаевская - ул.Тухачевского
12967	129	ул.Тухачевского - ТЦ Аквариум
12968	129	ТЦ Аквариум - ул.Тухачевского
12969	129	Сквер Мичурина - ул.Чапаевская
12970	129	ул.Чапаевская - Сквер Мичурина
12971	129	ул.Тухачевского - Сквер Мичурина
12972	129	Сквер Мичурина - ул.Тухачевского
12973	129	ул.Арцыбушевская - ул.Чапаевская
12974	129	ул.Чапаевская - ул.Арцыбушевская
13065	130	Костромской переулок - Стадион Металлург
13066	130	Стадион Металлург - Костромской переулок
13067	130	Костромской переулок - Станция метро Победа
13068	130	Станция метро Победа - Костромской переулок
13069	130	Костромской переулок - ул.Красных Коммунаров
13070	130	ул.Красных Коммунаров - Костромской переулок
13165	131	БТЭЦ - Стадион Металлург
13166	131	Стадион Металлург - БТЭЦ
13167	131	Юнгородок - Стадион Металлург
13168	131	Стадион Металлург - Юнгородок
13169	131	ул.Красных Коммунаров - Стадион Металлург
13170	131	Стадион Металлург - ул.Красных Коммунаров
13171	131	БТЭЦ - ул.Красных Коммунаров
13172	131	ул.Красных Коммунаров - БТЭЦ
13173	131	ул.Красных Коммунаров - Стадион Металлург
13174	131	Стадион Металлург - ул.Красных Коммунаров
13175	131	БТЭЦ - ул.Красных Коммунаров
13176	131	ул.Красных Коммунаров - БТЭЦ
13465	134	ул.Тухачевского - ул.Чапаевская
13466	134	ул.Чапаевская - ул.Тухачевского
13467	134	ул.Тухачевского - ул.Полевая
13468	134	ул.Полевая - ул.Тухачевского
13469	134	ул.Полевая - ул.Чапаевская
13470	134	ул.Чапаевская - ул.Полевая
13471	134	ул.Арцыбушевская - ул.Чапаевская
13472	134	ул.Чапаевская - ул.Арцыбушевская
13473	134	ул.Тухачевского - ул.Арцыбушевская
13474	134	ул.Арцыбушевская - ул.Тухачевского
13475	134	ул.Тухачевского - Хлебная площадь
13476	134	Хлебная площадь - ул.Тухачевского
13477	134	Хлебная площадь - ул.Полевая
13478	134	ул.Полевая - Хлебная площадь
13479	134	ул.Тухачевского - ул.Полевая
13480	134	ул.Полевая - ул.Тухачевского
13765	137	Постников овраг - ул.Тухачевского
13766	137	ул.Тухачевского - Постников овраг
13767	137	ул.Арцыбушевская - ул.Тухачевского
13768	137	ул.Тухачевского - ул.Арцыбушевская
13769	137	Постников овраг - ул.Арцыбушевская
13770	137	ул.Арцыбушевская - Постников овраг
13771	137	Постников овраг - Сквер Мичурина
13772	137	Сквер Мичурина - Постников овраг
13773	137	Постников овраг - Станция 1
13774	137	Станция 1 - Постников овраг
13775	137	Постников овраг - Станция метро Победа
13776	137	Станция метро Победа - Постников овраг
13777	137	Постников овраг - ул.Гагарина
13778	137	ул.Гагарина - Постников овраг
13965	139	Экономическая академия - ул.Высоцкого
13966	139	ул.Высоцкого - Экономическая академия
14765	147	СЗКС - СЗКС
14766	147	СЗКС - СЗКС
14865	148	Станция метро Безымянка - Санаторий Волга
14866	148	Санаторий Волга - Станция метро Безымянка
14965	149	Завод Металлург - Институт Индустройпроект
14966	149	Институт Индустройпроект - Завод Металлург
15065	150	Завод Экран - Площадь Революции
15066	150	Площадь Революции - Завод Экран
16465	164	Костромской переулок - 15-й микрорайон
16466	164	15-й микрорайон - Костромской переулок
16467	164	Костромской переулок - Юнгородок
16468	164	Юнгородок - Костромской переулок
16469	164	Юнгородок - 15-й микрорайон
16470	164	15-й микрорайон - Юнгородок
16471	164	Станция метро Победа - 15-й микрорайон
16472	164	15-й микрорайон - Станция метро Победа
16473	164	Юнгородок - ул.Красных Коммунаров
16474	164	ул.Красных Коммунаров - Юнгородок
16865	168	Автостанция Аврора - Стадион Динамо
16866	168	Стадион Динамо - Автостанция Аврора
16965	169	Приволжский микрорайон - ТЦ Мегамебель-1
16966	169	ТЦ Мегамебель-1 - Приволжский микрорайон
17165	171	ул.Бакинская - Площадь Героев 21-й Армии
17166	171	Площадь Героев 21-й Армии - ул.Бакинская
17865	178	Губернский рынок - Речная
17866	178	Речная - Губернский рынок
19065	190	СПТУ-50 - 6-й причал
19066	190	6-й причал - СПТУ-50
19765	197	Онкоцентр - Институт Индустройпроект
19766	197	Институт Индустройпроект - Онкоцентр
19865	198	ТРК Московский - ТЦ Мегастрой
19866	198	ТЦ Мегастрой - ТРК Московский
20665	206	Барбошина поляна - Юнгородок
20666	206	Юнгородок - Барбошина поляна
20667	206	Барбошина поляна - Безымянский рынок
20668	206	Безымянский рынок - Барбошина поляна
20669	206	Барбошина поляна - Станция метро Кировская
20670	206	Станция метро Кировская - Барбошина поляна
21565	215	Автостанция Аврора - Площадь Революции
21566	215	Площадь Революции - Автостанция Аврора
21965	219	Губернский рынок - Октябрьская набережная
21966	219	Октябрьская набережная - Губернский рынок
24765	247	Хлебная площадь - Кладбище Рубежное
24766	247	Кладбище Рубежное - Хлебная площадь
24965	249	Площадь им. Кирова - Кладбище Зубчаниновское
24966	249	Кладбище Зубчаниновское - Площадь им. Кирова
25065	250	ул.Чапаевская - Юнгородок
25066	250	Юнгородок - ул.Чапаевская
25067	250	ул.Чапаевская - ул.Полевая
25068	250	ул.Полевая - ул.Чапаевская
25069	250	ТЦ Аквариум - Юнгородок
25070	250	Юнгородок - ТЦ Аквариум
25071	250	ул.Полевая - Юнгородок
25072	250	Юнгородок - ул.Полевая
25073	250	ул.Чапаевская - ул.Арцыбушевская
25074	250	ул.Арцыбушевская - ул.Чапаевская
25075	250	ул.Чапаевская - ул.Красных Коммунаров
25076	250	ул.Красных Коммунаров - ул.Чапаевская
25077	250	ул.Красных Коммунаров - Юнгородок
25078	250	Юнгородок - ул.Красных Коммунаров
25079	250	ул.Чапаевская - ул.Гагарина
25080	250	ул.Гагарина - ул.Чапаевская
25081	250	ул.Красных Коммунаров - Юнгородок
25082	250	Юнгородок - ул.Красных Коммунаров
25083	250	ул.Тухачевского - Юнгородок
25084	250	Юнгородок - ул.Тухачевского
25085	250	ул.Чапаевская - ул.Тухачевского
25086	250	ул.Тухачевского - ул.Чапаевская
25087	250	ул.Полевая - Юнгородок
25088	250	Юнгородок - ул.Полевая
25089	250	ул.Арцыбушевская - Юнгородок
25090	250	Юнгородок - ул.Арцыбушевская
25165	251	СПТУ-50 - Кладбище Лесное
25166	251	Кладбище Лесное - СПТУ-50
25465	254	пос.Управленческий(ДК ""Чайка"") - Кладбище Лесное
25466	254	Кладбище Лесное - пос.Управленческий(ДК ""Чайка"")
27565	275	Автостанция Аврора - Хлебная площадь
27566	275	Хлебная площадь - Автостанция Аврора
28365	283	пр.Кирова - ул.Кабельная
28366	283	ул.Кабельная - пр.Кирова
28367	283	пр.Кирова - Станция метро Победа
28368	283	Станция метро Победа - пр.Кирова
28369	283	15-й микрорайон - Станция метро Победа
28370	283	Станция метро Победа - 15-й микрорайон
28371	283	15-й микрорайон - ул.Кабельная
28372	283	ул.Кабельная - 15-й микрорайон
28373	283	ул.Красных Коммунаров - ул.Кабельная
28374	283	ул.Кабельная - ул.Красных Коммунаров
28375	283	пр.Кирова - ул.Красных Коммунаров
28376	283	ул.Красных Коммунаров - пр.Кирова
28377	283	ул.Красных Коммунаров - ул.Кабельная
28378	283	ул.Кабельная - ул.Красных Коммунаров
28379	283	Станция 6 - ул.Кабельная
28380	283	ул.Кабельная - Станция 6
28381	283	Станция 6 - Станция метро Победа
28382	283	Станция метро Победа - Станция 6
30265	302	Костромской переулок - Завод Тарасова
30266	302	Завод Тарасова - Костромской переулок
30267	302	Станция 6 Б - Завод Тарасова
30268	302	Завод Тарасова - Станция 6 Б
30269	302	Костромской переулок - Станция 6 Б
30270	302	Станция 6 Б - Костромской переулок
30271	302	Костромской переулок - Северное трамвайное депо
30272	302	Северное трамвайное депо - Костромской переулок
30273	302	СТД - Завод Тарасова
30274	302	Завод Тарасова - СТД
30275	302	Северное трамвайное депо - Завод Тарасова
30276	302	Завод Тарасова - Северное трамвайное депо
30277	302	Костромской переулок - СТД
30278	302	СТД - Костромской переулок
30279	302	Костромской переулок - Станция 6
30280	302	Станция 6 - Костромской переулок
30281	302	Станция 6 - Завод Тарасова
30282	302	Завод Тарасова - Станция 6
30283	302	Стадион Металлург - Северное трамвайное депо
30284	302	Северное трамвайное депо - Стадион Металлург
30285	302	Стадион Металлург - Завод Тарасова
30286	302	Завод Тарасова - Стадион Металлург
30287	302	Стадион Металлург - Станция 6
30288	302	Станция 6 - Стадион Металлург
30289	302	СТД - Стадион Металлург
30290	302	Стадион Металлург - СТД
30365	303	Автостанция Красная Глинка - ТЦ Мега
30366	303	ТЦ Мега - Автостанция Красная Глинка
30465	304	Приволжский микрорайон - Дом Молодежи
30466	304	Дом Молодежи - Приволжский микрорайон
30965	309	Завод Экран - 6-й причал
30966	309	6-й причал - Завод Экран
33365	333	Хлебная площадь - СНТ Крестьянский
33366	333	СНТ Крестьянский - Хлебная площадь
34965	349	ул.Бакинская - Стромиловские дачи
34966	349	Стромиловские дачи - ул.Бакинская
34967	349	Хлебная площадь - Стромиловские дачи
34968	349	Стромиловские дачи - Хлебная площадь
35265	352	ЦУМ Самара-Пригородный автовокзал - Октябрьские дачи
35266	352	Октябрьские дачи - ЦУМ Самара-Пригородный автовокзал
35267	352	Хлебная площадь - Октябрьские дачи
35268	352	Октябрьские дачи - Хлебная площадь
35365	353	Автовокзал Центральный - Ясский пер.
35366	353	Ясский пер. - Автовокзал Центральный
36265	362	Площадь им.Кирова - СДМ Юбилейный
36266	362	СДМ Юбилейный - Площадь им.Кирова
36365	363	Площадь им.Кирова - 42-й километр
36366	363	42-й километр - Площадь им.Кирова
36465	364	Безымянский рынок - пос.Падовка
36466	364	пос.Падовка - Безымянский рынок
36565	365	15-й А микрорайон - Авиационный завод
36566	365	Авиационный завод - 15-й А микрорайон
37365	373	г. Новокуйбышевск, Пригородная автостанция - пр.Кирова
37366	373	пр.Кирова - г. Новокуйбышевск, Пригородная автостанция
37465	374	с.Лопатино - Автостанция Аврора
37466	374	Автостанция Аврора - с.Лопатино
37565	375	Станция метро Победа - п.Алексеевка(Верхняя Алексеевка)
37566	375	п.Алексеевка(Верхняя Алексеевка) - Станция метро Победа
37665	376	Станция метро Кировская - п. Петра-Дубрава (Кошелев-Парк)
37666	376	п. Петра-Дубрава (Кошелев-Парк) - Станция метро Кировская
37865	378	п.Черновский (Совхоз ""Черновский"") - Площадь им. Кирова
37866	378	Площадь им. Кирова - п.Черновский (Совхоз ""Черновский"")
38065	380	15 микрорайон - ул. Красноармейская
38066	380	ул. Красноармейская - 15 микрорайон
38067	380	15 микрорайон - Станция 2 А
38068	380	Станция 2 А - 15 микрорайон
38069	380	Станция 2 А - ул. Красноармейская
38070	380	ул. Красноармейская - Станция 2 А
38071	380	Станция 2 Б - ул. Красноармейская
38072	380	ул. Красноармейская - Станция 2 Б
38073	380	15 микрорайон - Станция 2 Б
38074	380	Станция 2 Б - 15 микрорайон
38075	380	15 микрорайон - ул.Арцыбушевская
38076	380	ул.Арцыбушевская - 15 микрорайон
38077	380	ул.Арцыбушевская - ул. Красноармейская
38078	380	ул. Красноармейская - ул.Арцыбушевская
38079	380	15 микрорайон - СТД
38080	380	СТД - 15 микрорайон
38081	380	СТД - ул. Красноармейская
38082	380	ул. Красноармейская - СТД
38083	380	15 микрорайон - Хлебная площадь
38084	380	Хлебная площадь - 15 микрорайон
38085	380	СТД - Хлебная площадь
38086	380	Хлебная площадь - СТД
38087	380	Станция 6 Б - ул. Красноармейская
38088	380	ул. Красноармейская - Станция 6 Б
38089	380	15 микрорайон - Станция 6 Б
38090	380	Станция 6 Б - 15 микрорайон
38165	381	пр.Кирова - с. Новый Буян
38166	381	с. Новый Буян - пр.Кирова
38465	384	Заводское шоссе - п.Смышляевка
38466	384	п.Смышляевка - Заводское шоссе
38565	385	пр.Кирова - с. Курумоч
38566	385	с. Курумоч - пр.Кирова
38665	386	Пригородный автовокзал - г. Чапаевск, автостанция
38666	386	г. Чапаевск, автостанция - Пригородный автовокзал
38765	387	Пригородный автовокзал - г. Новокуйбышевск, Пригородная автостанция
38766	387	г. Новокуйбышевск, Пригородная автостанция - Пригородный автовокзал
38865	388	Автовокзал Центральный - г. Чапаевск, автостанция
38866	388	г. Чапаевск, автостанция - Автовокзал Центральный
38965	389	Железнодорожный вокзал - п.Алексеевка(Нижняя Алексеевка)
38966	389	п.Алексеевка(Нижняя Алексеевка) - Железнодорожный вокзал
39065	390	Пригородный автовокзал - г. Новокуйбышевск, Пригородная автостанция
39066	390	г. Новокуйбышевск, Пригородная автостанция - Пригородный автовокзал
39165	391	Южный Город, Спорткомплекс ""Южный"" - ст. Соцгород
39166	391	ст. Соцгород - Южный Город, Спорткомплекс ""Южный""
39265	392	Автовокзал Центральный - Южный Город
39266	392	Южный Город - Автовокзал Центральный
39465	394	Площадь им. Кирова - с.Домашка, Школа
39466	394	с.Домашка, Школа - Площадь им. Кирова
39565	395	Южный Город - Пригородный автовокзал
39566	395	Пригородный автовокзал - Южный Город
39665	396	Площадь им. Кирова - с.Черноречье(Совхоз Юбилейный)
39666	396	с.Черноречье(Совхоз Юбилейный) - Площадь им. Кирова
39765	397	Пригородный автовокзал - с. Сухая Вязовка
39766	397	с. Сухая Вязовка - Пригородный автовокзал
39865	398	Совхоз Первомайский - Пригородный автовокзал
39866	398	Пригородный автовокзал - Совхоз Первомайский
40065	400	с.Красный Яр, автостанция - Большая Раковка
40066	400	Большая Раковка - с.Красный Яр, автостанция
40465	404	с.Красный Яр, автостанция - с. Новый Буян
40466	404	с. Новый Буян - с.Красный Яр, автостанция
40565	405	с.Красный Яр, автостанция - с.Чубовка
40566	405	с.Чубовка - с.Красный Яр, автостанция
41565	415	пос.Сухая Самарка - Губернский рынок
41566	415	Губернский рынок - пос.Сухая Самарка
41665	416	Хлебная площадь - 113 км
41666	416	113 км - Хлебная площадь
41667	416	116 км - 113 км
41668	416	113 км - 116 км
41669	416	Автостанция Аврора - 113 км
41670	416	113 км - Автостанция Аврора
41671	416	113 км - Кряж
41672	416	Кряж - 113 км
41673	416	Кряж - 113 км
41674	416	113 км - Кряж
41965	419	Автовокзал Центральный - ул.Грозненская
41966	419	ул.Грозненская - Автовокзал Центральный
41967	419	Автовокзал Центральный - ул.Грозненская
41968	419	ул.Грозненская - Автовокзал Центральный
41969	419	Автостанция Аврора - ул.Грозненская
41970	419	ул.Грозненская - Автостанция Аврора
41971	419	Кряж - ул.Грозненская
41972	419	ул.Грозненская - Кряж
42065	420	Хлебная площадь - Совхоз Рубежное
42066	420	Совхоз Рубежное - Хлебная площадь
42067	420	ул.Бакинская - Совхоз Рубежное
42068	420	Совхоз Рубежное - ул.Бакинская
42069	420	Автостанция Аврора - Совхоз Рубежное
42070	420	Совхоз Рубежное - Автостанция Аврора
42765	427	Автовокзал Центральный - Клуб Знамя
42766	427	Клуб Знамя - Автовокзал Центральный
42865	428	Автостанция Аврора - Совхоз Рубежное
42866	428	Совхоз Рубежное - Автостанция Аврора
43165	431	Губернский рынок - 6-й причал
43166	431	6-й причал - Губернский рынок
43167	431	ул.Ульяновская - 6-й причал
43168	431	6-й причал - ул.Ульяновская
43465	434	ТЦ Колизей - Площадь Дзержинского
43466	434	Площадь Дзержинского - ТЦ Колизей
43467	434	ТЦ Колизей - Площадь Дзержинского
43468	434	Площадь Дзержинского - ТЦ Колизей
43565	435	9-й микрорайон - Юнгородок
43566	435	Юнгородок - 9-й микрорайон
43567	435	9-й микрорайон - Площадь им. Кирова
43568	435	Площадь им. Кирова - 9-й микрорайон
43569	435	9-й микрорайон - Станция метро Кировская
43570	435	Станция метро Кировская - 9-й микрорайон
44665	446	Микрорайон Крутые ключи - Железнодорожный вокзал (стоянка)
44666	446	Железнодорожный вокзал (стоянка) - Микрорайон Крутые ключи
44667	446	Микрорайон Крутые ключи - 18 км
44668	446	18 км - Микрорайон Крутые ключи
44669	446	14-й микрорайон - Железнодорожный вокзал (стоянка)
44670	446	Железнодорожный вокзал (стоянка) - 14-й микрорайон
44965	449	15-й А микрорайон - Универмаг Юность
44966	449	Универмаг Юность - 15-й А микрорайон
45865	458	пр. Карла Маркса - Железнодорожный вокзал
45866	458	Железнодорожный вокзал - пр. Карла Маркса
45867	458	пр. Карла Маркса - Кинотеатр Шипка
45868	458	Кинотеатр Шипка - пр. Карла Маркса
45869	458	ул.Фадеева - Железнодорожный вокзал
45870	458	Железнодорожный вокзал - ул.Фадеева
45871	458	ул.Фадеева - Железнодорожный вокзал
45872	458	Железнодорожный вокзал - ул.Фадеева
45873	458	пр. Карла Маркса - Кинотеатр Шипка
45874	458	Кинотеатр Шипка - пр. Карла Маркса
45875	458	ул.Фадеева - Железнодорожный вокзал
45876	458	Железнодорожный вокзал - ул.Фадеева
45877	458	Губернский рынок - Железнодорожный вокзал
45878	458	Железнодорожный вокзал - Губернский рынок
45879	458	ул.Ульяновская - Железнодорожный вокзал
45880	458	Железнодорожный вокзал - ул.Ульяновская
45881	458	пр. Карла Маркса - Губернский рынок
45882	458	Губернский рынок - пр. Карла Маркса
45883	458	пр. Карла Маркса - ул.Ульяновская
45884	458	ул.Ульяновская - пр. Карла Маркса
45885	458	Губернский рынок - Железнодорожный вокзал
45886	458	Железнодорожный вокзал - Губернский рынок
45965	459	Железнодорожный вокзал - Безымянский рынок
45966	459	Безымянский рынок - Железнодорожный вокзал
45967	459	Железнодорожный вокзал - Губернский рынок
45968	459	Губернский рынок - Железнодорожный вокзал
45969	459	Губернский рынок - Безымянский рынок
45970	459	Безымянский рынок - Губернский рынок
45971	459	Губернский рынок - Безымянский рынок
45972	459	Безымянский рынок - Губернский рынок
45973	459	Железнодорожный вокзал - Губернский рынок
45974	459	Губернский рынок - Железнодорожный вокзал
45975	459	Железнодорожный вокзал - ул.Ульяновская
45976	459	ул.Ульяновская - Железнодорожный вокзал
45977	459	ул.Ульяновская - Безымянский рынок
45978	459	Безымянский рынок - ул.Ульяновская
46165	461	Завод Экран - 6-й причал
46166	461	6-й причал - Завод Экран
46565	465	Микрорайон Крутые ключи - ул.Тухачевского
46566	465	ул.Тухачевского - Микрорайон Крутые ключи
46665	466	Автовокзал Центральный - Южный город(5-я очередь)
46666	466	Южный город(5-я очередь) - Автовокзал Центральный
46965	469	Микрорайон Крутые ключи - 6-й причал
46966	469	6-й причал - Микрорайон Крутые ключи
47065	470	Станция метро Победа - Микрорайон Крутые ключи
47066	470	Микрорайон Крутые ключи - Станция метро Победа
47265	472	Барбошина поляна - ул.Ново-Садовая
47266	472	ул.Ново-Садовая - Барбошина поляна
47267	472	ул.Фадеева - ул.Ново-Садовая
47268	472	ул.Ново-Садовая - ул.Фадеева
47269	472	Барбошина поляна - Кинотеатр Шипка
47270	472	Кинотеатр Шипка - Барбошина поляна
47271	472	ул.Фадеева - ул.Ново-Садовая
47272	472	ул.Ново-Садовая - ул.Фадеева
47273	472	Барбошина поляна - Кинотеатр Шипка
47274	472	Кинотеатр Шипка - Барбошина поляна
47365	473	Барбошина поляна - Завод Экран
47366	473	Завод Экран - Барбошина поляна
47367	473	Барбошина поляна - Троллейбусное депо № 2
47368	473	Троллейбусное депо № 2 - Барбошина поляна
47369	473	Барбошина поляна - Безымянский рынок
47370	473	Безымянский рынок - Барбошина поляна
47371	473	Площадь им. Кирова - Завод Экран
47372	473	Завод Экран - Площадь им. Кирова
47373	473	Барбошина поляна - Площадь им. Кирова
47374	473	Площадь им. Кирова - Барбошина поляна
47375	473	Барбошина поляна - Площадь им.Кирова
47376	473	Площадь им.Кирова - Барбошина поляна
47377	473	Троллейбусное депо № 2 - Безымянский рынок
47378	473	Безымянский рынок - Троллейбусное депо № 2
47379	473	Площадь им. Кирова - Троллейбусное депо № 2
47380	473	Троллейбусное депо № 2 - Площадь им. Кирова
47381	473	Троллейбусное депо № 2 - Площадь им. Кирова
47382	473	Площадь им. Кирова - Троллейбусное депо № 2
47383	473	Троллейбусное депо № 2 - Площадь им.Кирова
47384	473	Площадь им.Кирова - Троллейбусное депо № 2
47385	473	ул.Стара-Загора - Троллейбусное депо № 2
47386	473	Троллейбусное депо № 2 - ул.Стара-Загора
47465	474	Завод Металлург - Барбошина поляна
47466	474	Барбошина поляна - Завод Металлург
47467	474	Площадь им. Кирова - Барбошина поляна
47468	474	Барбошина поляна - Площадь им. Кирова
47469	474	Завод Металлург - ул.Воронежская
47470	474	ул.Воронежская - Завод Металлург
47471	474	Завод Металлург - Безымянский рынок
47472	474	Безымянский рынок - Завод Металлург
47473	474	Безымянский рынок - Барбошина поляна
47474	474	Барбошина поляна - Безымянский рынок
47475	474	Безымянский рынок - Троллейбусное депо № 2
47476	474	Троллейбусное депо № 2 - Безымянский рынок
47477	474	Троллейбусное депо № 2 - ул.Воронежская
47478	474	ул.Воронежская - Троллейбусное депо № 2
47479	474	Площадь им. Кирова - Троллейбусное депо № 2
47480	474	Троллейбусное депо № 2 - Площадь им. Кирова
47565	475	Завод Металлург - Железнодорожный вокзал
47566	475	Железнодорожный вокзал - Завод Металлург
47567	475	Завод Металлург - Безымянский рынок
47568	475	Безымянский рынок - Завод Металлург
47569	475	Безымянский рынок - Железнодорожный вокзал
47570	475	Железнодорожный вокзал - Безымянский рынок
47571	475	Площадь им. Кирова - Железнодорожный вокзал
47572	475	Железнодорожный вокзал - Площадь им. Кирова
47573	475	Завод Металлург - ул.Воронежская
47574	475	ул.Воронежская - Завод Металлург
47575	475	Железнодорожный вокзал - ул.Ульяновская
47576	475	ул.Ульяновская - Железнодорожный вокзал
47577	475	Завод Металлург - ул.Ульяновская
47578	475	ул.Ульяновская - Завод Металлург
47579	475	Завод Металлург - Губернский рынок
47580	475	Губернский рынок - Завод Металлург
47581	475	ул.Ульяновская - Железнодорожный вокзал
47582	475	Железнодорожный вокзал - ул.Ульяновская
47583	475	Завод Металлург - Губернский рынок
47584	475	Губернский рынок - Завод Металлург
47585	475	Губернский рынок - Железнодорожный вокзал
47586	475	Железнодорожный вокзал - Губернский рынок
47587	475	Губернский рынок - Железнодорожный вокзал
47588	475	Железнодорожный вокзал - Губернский рынок
47665	476	Завод Экран - Железнодорожный вокзал
47666	476	Железнодорожный вокзал - Завод Экран
47667	476	Завод Экран - Кинотеатр Шипка
47668	476	Кинотеатр Шипка - Завод Экран
47669	476	ул.Фадеева - Железнодорожный вокзал
47670	476	Железнодорожный вокзал - ул.Фадеева
47671	476	Завод Экран - ул.Фадеева
47672	476	ул.Фадеева - Завод Экран
47673	476	ул.Фадеева - Железнодорожный вокзал
47674	476	Железнодорожный вокзал - ул.Фадеева
47675	476	Ипподром - Кинотеатр Шипка
47677	476	Завод Экран - ЛуначаскогоК-1
47678	476	ЛуначаскогоК-1 - Завод Экран
47679	476	Ремесленный пер. - Краснодонская
47680	476	Краснодонская - Ремесленный пер.
47681	476	ЛуначарскогоК-2 - Железнодорожный вокзал
47682	476	Железнодорожный вокзал - ЛуначарскогоК-2
47865	478	г. Новокуйбышевск, Пригородная автостанция - ТРК ""Московский""
47866	478	ТРК ""Московский"" - г. Новокуйбышевск, Пригородная автостанция
47965	479	Железнодорожный вокзал - пос.Новосемейкино,11-й квартал
47966	479	пос.Новосемейкино,11-й квартал - Железнодорожный вокзал
48065	480	Автовокзал ""Центральный"" - с.Красный Яр, автостанция
48066	480	с.Красный Яр, автостанция - Автовокзал ""Центральный""
48165	481	Барбошина поляна - Троллейбусное депо № 2
48166	481	Троллейбусное депо № 2 - Барбошина поляна
48465	484	Автостанция Аврора - Площадь Революции
48466	484	Площадь Революции - Автостанция Аврора
48565	485	Завод Экран - Хлебная площадь
48566	485	Хлебная площадь - Завод Экран
48965	489	Автостанция Аврора - СНТ Берёзовский
48966	489	СНТ Берёзовский - Автостанция Аврора
49165	491	ЦУМ Самара-Пригородный автовокзал - СДМ Журавли (Хоз.двор)
49166	491	СДМ Журавли (Хоз.двор) - ЦУМ Самара-Пригородный автовокзал
50965	509	Автостанция Аврора - Кладбище Рубежное
50966	509	Кладбище Рубежное - Автостанция Аврора
51065	510	Автостанция Аврора - Кладбище Южное
51066	510	Кладбище Южное - Автостанция Аврора
51165	511	Кладбище Рубежное - Кладбище Южное
51166	511	Кладбище Южное - Кладбище Рубежное
51167	511	Автостанция Аврора - Кладбище Рубежное
51168	511	Кладбище Рубежное - Автостанция Аврора
51169	511	Автостанция Аврора - Кладбище Южное
51170	511	Кладбище Южное - Автостанция Аврора
51171	511	Кладбище Рубежное - Автостанция Аврора
51172	511	Автостанция Аврора - Кладбище Рубежное
51565	515	Автостанция Аврора - Стромиловские дачи
51566	515	Стромиловские дачи - Автостанция Аврора
51665	516	Автостанция Аврора - Берёзки(Аглосские дачи)
51666	516	Берёзки(Аглосские дачи) - Автостанция Аврора
53465	534	Хлебная площадь - Кладбище Южное
53466	534	Кладбище Южное - Хлебная площадь
53765	537	НФС - Дом Молодежи
53766	537	Дом Молодежи - НФС
54265	542	Хлебная площадь - Пост ГИБДД
54266	542	Пост ГИБДД - Хлебная площадь
54765	547	Приволжский мкр.(ул.З.Космодемьянской) - Железнодорожный вокзал
54766	547	Железнодорожный вокзал - Приволжский мкр.(ул.З.Космодемьянской)
55465	554	ул.Батайская - Железнодорожный вокзал (стоянка)
55466	554	Железнодорожный вокзал (стоянка) - ул.Батайская
55467	554	ул.Батайская - пр.Кирова
55468	554	пр.Кирова - ул.Батайская
55469	554	Барбошина поляна - Железнодорожный вокзал (стоянка)
55470	554	Железнодорожный вокзал (стоянка) - Барбошина поляна
57265	572	ул.Олимпийская - Железнодорожный вокзал (стоянка)
57266	572	Железнодорожный вокзал (стоянка) - ул.Олимпийская
57565	575	Юнгородок - Хлебная площадь
57566	575	Хлебная площадь - Юнгородок
57567	575	Автостанция Вольская - Хлебная площадь
57568	575	Хлебная площадь - Автостанция Вольская
57569	575	Завод Экран - Хлебная площадь
57570	575	Хлебная площадь - Завод Экран
57571	575	Завод Экран - Магазин Мебель
57572	575	Магазин Мебель - Завод Экран
57573	575	Юнгородок - Магазин Мебель
57574	575	Магазин Мебель - Юнгородок
57575	575	Юнгородок - Автостанция Вольская
57576	575	Автостанция Вольская - Юнгородок
57577	575	Юнгородок - Автовокзал Центральный
57578	575	Автовокзал Центральный - Юнгородок
58165	581	пр.Кирова - Стадион
58166	581	Стадион - пр.Кирова
58167	581	пр.Кирова - СТД
58168	581	СТД - пр.Кирова
58169	581	Станция 6 - СТД
58170	581	СТД - Станция 6
58171	581	Станция 6 - Стадион
58172	581	Стадион - Станция 6
58265	582	ул.Батайская - Станция метро Кировская
58266	582	Станция метро Кировская - ул.Батайская
58267	582	ул.Батайская - СПТУ-50
58268	582	СПТУ-50 - ул.Батайская
58269	582	Автостанция Вольская - Станция метро Кировская
58270	582	Станция метро Кировская - Автостанция Вольская
58271	582	ул.Батайская - Автостанция Вольская
58272	582	Автостанция Вольская - ул.Батайская
58365	583	Поселок Гранный - Пригородный автовокзал
58366	583	Пригородный автовокзал - Поселок Гранный
59265	592	пр.Кирова - с. Курумоч
59266	592	с. Курумоч - пр.Кирова
59365	593	пр.Кирова - пос.Прибрежный
59366	593	пос.Прибрежный - пр.Кирова
59465	594	пр.Кирова - п.Мирный
59466	594	п.Мирный - пр.Кирова
59565	595	Совхоз Кряж (ул.Поселковая) - Площадь Революции
59566	595	Площадь Революции - Совхоз Кряж (ул.Поселковая)
59965	599	Железнодорожный вокзал - г.Кинель/север/(Магазин ""Новинка"")
59966	599	г.Кинель/север/(Магазин ""Новинка"") - Железнодорожный вокзал
60065	600	Железнодорожный вокзал - г.Кинель/юг/(ПМС)
60066	600	г.Кинель/юг/(ПМС) - Железнодорожный вокзал
60349	603	Стадион - Станция 6
60350	603	Станция 6 - Стадион
60351	603	Станция 6 Б - Автостанция Аврора
60352	603	Автостанция Аврора - Станция 6 Б
60353	603	Стадион - Станция 6 Б
60354	603	Станция 6 Б - Стадион
60355	603	Стадион - Северное трамвайное депо
60356	603	Северное трамвайное депо - Стадион
60365	603	Стадион - Автостанция Аврора
60366	603	Автостанция Аврора - Стадион
60367	603	Северное трамвайное депо - Станция метро Победа
60368	603	Станция метро Победа - Северное трамвайное депо
60369	603	Барбошина поляна - Северное трамвайное депо
60370	603	Северное трамвайное депо - Барбошина поляна
60371	603	ул.Гагарина - Автостанция Аврора
60372	603	Автостанция Аврора - ул.Гагарина
60373	603	Барбошина поляна - Станция метро Победа
60374	603	Станция метро Победа - Барбошина поляна
60375	603	Северное трамвайное депо - Автостанция Аврора
60376	603	Автостанция Аврора - Северное трамвайное депо
60377	603	ул.Красных Коммунаров - Автостанция Аврора
60378	603	Автостанция Аврора - ул.Красных Коммунаров
60379	603	Северное трамвайное депо - ул.Красных Коммунаров
60380	603	ул.Красных Коммунаров - Северное трамвайное депо
60381	603	СТД - Автостанция Аврора
60382	603	Автостанция Аврора - СТД
60383	603	Станция 6 - Автостанция Аврора
60384	603	Автостанция Аврора - Станция 6
60385	603	Барбошина поляна - ул.Красных Коммунаров
60386	603	ул.Красных Коммунаров - Барбошина поляна
60387	603	Барбошина поляна - СТД
60388	603	СТД - Барбошина поляна
60389	603	Барбошина поляна - Автостанция Аврора
60390	603	Автостанция Аврора - Барбошина поляна
60765	607	Стадион - 22 Партсъезда
60766	607	22 Партсъезда - Стадион
60767	607	Барбошина поляна - СТД
60768	607	СТД - Барбошина поляна
60769	607	Стадион - Северное трамвайное депо
60770	607	Северное трамвайное депо - Стадион
60771	607	Барбошина поляна - 22 Партсъезда
60772	607	22 Партсъезда - Барбошина поляна
60773	607	СТД - 22 Партсъезда
60774	607	22 Партсъезда - СТД
60775	607	Стадион - СТД
60776	607	СТД - Стадион
60777	607	Северное трамвайное депо - 22 Партсъезда
60778	607	22 Партсъезда - Северное трамвайное депо
60779	607	Барбошина поляна - Северное трамвайное депо
60780	607	Северное трамвайное депо - Барбошина поляна
60781	607	Станция 6 - 22 Партсъезда
60782	607	22 Партсъезда - Станция 6
60783	607	Стадион - Станция 6
60784	607	Станция 6 - Стадион
60785	607	Станция 6 Б - 22 Партсъезда
60786	607	22 Партсъезда - Станция 6 Б
60787	607	Стадион - Станция 6 Б
60788	607	Станция 6 Б - Стадион
60789	607	Барбошина поляна - 22 Партсъезда
60790	607	22 Партсъезда - Барбошина поляна
61265	612	Микрорайон Крутые ключи - 6-й причал
61266	612	6-й причал - Микрорайон Крутые ключи
61365	613	Юнгородок - Железнодорожный вокзал (стоянка)
61366	613	Железнодорожный вокзал (стоянка) - Юнгородок
61565	615	ул.Батайская - пр.Кирова
61566	615	пр.Кирова - ул.Батайская
61665	616	Безымянский рынок - Санаторий  Самарский
61666	616	Санаторий  Самарский - Безымянский рынок
61667	616	Автостанция Вольская - Санаторий  Самарский
61668	616	Санаторий  Самарский - Автостанция Вольская
61669	616	Площадь им.Кирова - Санаторий  Самарский
61670	616	Санаторий  Самарский - Площадь им.Кирова
61765	617	Автостанция Аврора - пос.Сухая Самарка
61766	617	пос.Сухая Самарка - Автостанция Аврора
61865	618	Автостанция Аврора - пос.Жигулевские Сады
61866	618	пос.Жигулевские Сады - Автостанция Аврора
61965	619	Автостанция Аврора - Железнодорожный вокзал (стоянка)
61966	619	Железнодорожный вокзал (стоянка) - Автостанция Аврора
62365	623	113 км - Военный городок 2
62366	623	Военный городок 2 - 113 км
62369	623	113 км - ул.Бакинская
62370	623	ул.Бакинская - 113 км
62371	623	ул.Бакинская - Военный городок 2
62372	623	Военный городок 2 - ул.Бакинская
63149	631	Станция 6 - СТД
63150	631	СТД - Станция 6
63151	631	СТД - Стадион
63152	631	Стадион - СТД
63153	631	ул.Тухачевского - СТД
63154	631	СТД - ул.Тухачевского
63155	631	ул.Тухачевского - ул.Красных Коммунаров
63156	631	ул.Красных Коммунаров - ул.Тухачевского
63165	631	пр.Кирова - Стадион
63166	631	Стадион - пр.Кирова
63167	631	пр.Кирова - Станция метро Победа
63168	631	Станция метро Победа - пр.Кирова
63169	631	Станция 6 - Стадион
63170	631	Стадион - Станция 6
63171	631	Станция 6 - ул.Красных Коммунаров
63172	631	ул.Красных Коммунаров - Станция 6
63173	631	ул.Тухачевского - ТЦ Аквариум
63174	631	ТЦ Аквариум - ул.Тухачевского
63175	631	пр.Ленина - Стадион
63176	631	Стадион - пр.Ленина
63177	631	ул.Тухачевского - Стадион
63178	631	Стадион - ул.Тухачевского
63179	631	ул.Тухачевского - Сквер Мичурина
63180	631	Сквер Мичурина - ул.Тухачевского
63181	631	Станция 6 - ул.Полевая
63182	631	ул.Полевая - Станция 6
63183	631	пр.Кирова - СТД
63184	631	СТД - пр.Кирова
63185	631	ул.Тухачевского - СТД
63186	631	СТД - ул.Тухачевского
63187	631	ул.Тухачевского - ул.Гагарина
63188	631	ул.Гагарина - ул.Тухачевского
63189	631	Стадион - Станция метро Победа
63190	631	Станция метро Победа - Стадион
63765	637	Безымянский рынок - Безымянский рынок
63865	638	Безымянский рынок - Безымянский рынок
63867	638	Безымянский рынок - Безымянский рынок
64065	640	ул.Олимпийская - Железнодорожный вокзал (стоянка)
64066	640	Железнодорожный вокзал (стоянка) - ул.Олимпийская
64665	646	Барбошина поляна - Стадион Самара-Арена/Агропарк Самара
64666	646	Стадион Самара-Арена/Агропарк Самара - Барбошина поляна
64765	647	ул.Транзитная - ул.Дзержинского
64766	647	ул.Дзержинского - ул.Транзитная
64865	648	Кинотеатр Луч - Заводское шоссе
64866	648	Заводское шоссе - Кинотеатр Луч
64965	649	Автовокзал Центральный - ул.Транзитная
64966	649	ул.Транзитная - Автовокзал Центральный
65065	650	Станция метро Кировская - Кинотеатр Луч
65066	650	Кинотеатр Луч - Станция метро Кировская
65865	658	Автостанция Аврора - ул.Садовая
65866	658	ул.Садовая - Автостанция Аврора
66165	661	Завод Металлург - СДТ Советы
66166	661	СДТ Советы - Завод Металлург
66365	663	14-й микрорайон - Красноярские дачи
66366	663	Красноярские дачи - 14-й микрорайон
66565	665	ул.Физкультурная - Тургеневские дачи
66566	665	Тургеневские дачи - ул.Физкультурная
66665	666	ул.Первомайская - СДМ Старая Бинарадка
66666	666	СДМ Старая Бинарадка - ул.Первомайская
66765	667	ул.Физкультурная - пос.Гвардейцы
66766	667	пос.Гвардейцы - ул.Физкультурная
67165	671	Площадь им.Кирова - СНТ Крестьянский
67166	671	СНТ Крестьянский - Площадь им.Кирова
67365	673	14-й микрорайон - Чубовские дачи
67366	673	Чубовские дачи - 14-й микрорайон
67465	674	14-й микрорайон - Грачёвские дачи
67466	674	Грачёвские дачи - 14-й микрорайон
67665	676	14-й микрорайон - СДТ Белозёрки
67666	676	СДТ Белозёрки - 14-й микрорайон
67765	677	пос.Управленческий - СДТ Белозёрки
67766	677	СДТ Белозёрки - пос.Управленческий
67865	678	14-й микрорайон - СДМ Новая Орловка
67866	678	СДМ Новая Орловка - 14-й микрорайон
67965	679	14-й микрорайон - СДТ Водинка
67966	679	СДТ Водинка - 14-й микрорайон
68065	680	14-й микрорайон - СДМ Алакаевский
68066	680	СДМ Алакаевский - 14-й микрорайон
68165	681	14-й микрорайон - ДМ Сосновый Бор
68166	681	ДМ Сосновый Бор - 14-й микрорайон
68167	681	Автостанция Красная Глинка - ДМ Сосновый Бор
68168	681	ДМ Сосновый Бор - Автостанция Красная Глинка
68365	683	Автостанция Красная Глинка - Железнодорожный вокзал (стоянка)
68366	683	Железнодорожный вокзал (стоянка) - Автостанция Красная Глинка
68367	683	СПТУ-50 - Железнодорожный вокзал (стоянка)
68368	683	Железнодорожный вокзал (стоянка) - СПТУ-50
68369	683	Автостанция Красная Глинка - СПТУ-50
68370	683	СПТУ-50 - Автостанция Красная Глинка
68371	683	Автостанция Красная Глинка - 18 км
68372	683	18 км - Автостанция Красная Глинка
68565	685	ул.Физкультурная - СДТ Зеленая Роща (Южный КПП)
68566	685	СДТ Зеленая Роща (Южный КПП) - ул.Физкультурная
68765	687	14-й микрорайон - СДТ Исторический Вал
68766	687	СДТ Исторический Вал - 14-й микрорайон
68767	687	СПТУ-50 (ДК) - СДТ Исторический Вал
68768	687	СДТ Исторический Вал - СПТУ-50 (ДК)
69365	693	пос.Береза - Совсоз ""Молодая Гвардия""
69366	693	Совсоз ""Молодая Гвардия"" - пос.Береза
69465	694	Станция метро Кировская - Санаторий  Самарский
69466	694	Санаторий  Самарский - Станция метро Кировская
69765	697	Автостанция Аврора - Рощинский
69766	697	Рощинский - Автостанция Аврора
69965	699	Площадь Революции - Речная
69966	699	Речная - Площадь Революции
70065	700	Пригородный автовокзал - поселок Самарский
70066	700	поселок Самарский - Пригородный автовокзал
70165	701	Дом Печати - Сокские дачи(Яблонька)
70166	701	Сокские дачи(Яблонька) - Дом Печати
70265	702	Дом Печати - Старосемейкинские дачи
70266	702	Старосемейкинские дачи - Дом Печати
70349	703	Северное трамвайное депо - Юнгородок
70350	703	Юнгородок - Северное трамвайное депо
70365	703	Стадион - Юнгородок
70366	703	Юнгородок - Стадион
70367	703	СТД - Юнгородок
70368	703	Юнгородок - СТД
70369	703	Северное трамвайное депо - Автостанция Аврора
70370	703	Автостанция Аврора - Северное трамвайное депо
70371	703	Барбошина поляна - Северное трамвайное депо
70372	703	Северное трамвайное депо - Барбошина поляна
70373	703	Станция 6 - Юнгородок
70374	703	Юнгородок - Станция 6
70375	703	Стадион - Станция 6
70376	703	Станция 6 - Стадион
70377	703	Станция 6 Б - Юнгородок
70378	703	Юнгородок - Станция 6 Б
70379	703	Стадион - Станция 6 Б
70380	703	Станция 6 Б - Стадион
70381	703	Барбошина поляна - СТД
70382	703	СТД - Барбошина поляна
70383	703	Стадион - Автостанция Аврора
70384	703	Автостанция Аврора - Стадион
70385	703	Барбошина поляна - Юнгородок
70386	703	Юнгородок - Барбошина поляна
70387	703	Барбошина поляна - Автостанция Аврора
70388	703	Автостанция Аврора - Барбошина поляна
70389	703	Станция 6 - Автостанция Аврора
70390	703	Автостанция Аврора - Станция 6
70465	704	Северное трамвайное депо - Юнгородок
70466	704	Юнгородок - Северное трамвайное депо
70467	704	СТД - Юнгородок
70468	704	Юнгородок - СТД
70469	704	Северное трамвайное депо - Станция метро Победа
70470	704	Станция метро Победа - Северное трамвайное депо
70471	704	ул.Красных Коммунаров - Юнгородок
70472	704	Юнгородок - ул.Красных Коммунаров
70473	704	Северное трамвайное депо - ул.Красных Коммунаров
70474	704	ул.Красных Коммунаров - Северное трамвайное депо
70475	704	ул.Красных Коммунаров - Юнгородок
70476	704	Юнгородок - ул.Красных Коммунаров
70865	708	Железнодорожный вокзал - Микрорайон Крутые Ключи
70866	708	Микрорайон Крутые Ключи - Железнодорожный вокзал
70965	709	ТД1 - Спорткомплекс Южный
70966	709	Спорткомплекс Южный - ТД1
71065	710	15-й А микрорайон - Универмаг Юность
71066	710	Универмаг Юность - 15-й А микрорайон
71365	713	Костромской переулок - Стадион
71366	713	Стадион - Костромской переулок
71367	713	Костромской переулок - Юнгородок
71368	713	Юнгородок - Костромской переулок
71369	713	Юнгородок - Стадион
71370	713	Стадион - Юнгородок
71371	713	Станция метро Победа - Стадион
71372	713	Стадион - Станция метро Победа
71373	713	Юнгородок - ул.Красных Коммунаров
71374	713	ул.Красных Коммунаров - Юнгородок
71375	713	ул.Красных Коммунаров - Стадион
71376	713	Стадион - ул.Красных Коммунаров
71377	713	Станция метро Победа - 15-й микрорайон
71378	713	15-й микрорайон - Станция метро Победа
71379	713	Костромской переулок - 15-й микрорайон
71380	713	15-й микрорайон - Костромской переулок
71665	716	Автовокзал Центральный - 113 км
71666	716	113 км - Автовокзал Центральный
71667	716	Автовокзал Центральный - пос.Сухая Самарка
71668	716	пос.Сухая Самарка - Автовокзал Центральный
71765	717	пр.Кирова - пос.Береза
71766	717	пос.Береза - пр.Кирова
71865	718	пр.Кирова - пос.Прибрежный
71866	718	пос.Прибрежный - пр.Кирова
71965	719	Автостанция Аврора - Аэропорт-2
71966	719	Аэропорт-2 - Автостанция Аврора
72151	721	Станция 6 - Стадион
72152	721	Стадион - Станция 6
72153	721	ул.Чапаевская - Барбошина поляна
72154	721	Барбошина поляна - ул.Чапаевская
72165	721	ул.Чапаевская - Стадион
72166	721	Стадион - ул.Чапаевская
72167	721	ул.Чапаевская - ул.Арцыбушевская
72168	721	ул.Арцыбушевская - ул.Чапаевская
72169	721	ул.Полевая - Барбошина поляна
72170	721	Барбошина поляна - ул.Полевая
72171	721	пр.Ленина - Барбошина поляна
72172	721	Барбошина поляна - пр.Ленина
72173	721	ул.Чапаевская - ул.Полевая
72174	721	ул.Полевая - ул.Чапаевская
72175	721	ул.Чапаевская - 15 микрорайон
72176	721	15 микрорайон - ул.Чапаевская
72177	721	ул.Полевая - 15 микрорайон
72178	721	15 микрорайон - ул.Полевая
72179	721	ул.Чапаевская - Станция 6
72180	721	Станция 6 - ул.Чапаевская
72181	721	ул.Полевая - Стадион
72182	721	Стадион - ул.Полевая
72183	721	пр.Ленина - Стадион
72184	721	Стадион - пр.Ленина
72189	721	ул.Полевая - Станция 6
72190	721	Станция 6 - ул.Полевая
72749	727	Юнгородок - ул.Красных Коммунаров
72750	727	ул.Красных Коммунаров - Юнгородок
72751	727	Юнгородок - пр.Кирова
72752	727	пр.Кирова - Юнгородок
72753	727	ул.Красных Коммунаров - пр.Кирова
72754	727	пр.Кирова - ул.Красных Коммунаров
72765	727	БТЭЦ - пр.Кирова
72766	727	пр.Кирова - БТЭЦ
72767	727	БТЭЦ - ул.Красных Коммунаров
72768	727	ул.Красных Коммунаров - БТЭЦ
72769	727	Станция метро Победа - пр.Кирова
72770	727	пр.Кирова - Станция метро Победа
72771	727	БТЭЦ - ул.Красных Коммунаров
72772	727	ул.Красных Коммунаров - БТЭЦ
72773	727	Юнгородок - пр.Кирова
72774	727	пр.Кирова - Юнгородок
72775	727	Юнгородок - ул.Красных Коммунаров
72776	727	ул.Красных Коммунаров - Юнгородок
72777	727	БТЭЦ - Станция 6
72778	727	Станция 6 - БТЭЦ
72779	727	БТЭЦ - Станция метро Победа
72780	727	Станция метро Победа - БТЭЦ
72781	727	ул.Красных Коммунаров - пр.Кирова
72782	727	пр.Кирова - ул.Красных Коммунаров
72783	727	Станция метро Победа - пр.Кирова
72784	727	пр.Кирова - Станция метро Победа
72785	727	БТЭЦ - ул.Красных Коммунаров
72786	727	ул.Красных Коммунаров - БТЭЦ
72787	727	БТЭЦ - пр.Кирова
72788	727	пр.Кирова - БТЭЦ
72789	727	БТЭЦ - Станция 6
72790	727	Станция 6 - БТЭЦ
72965	729	Красноярская ЦРБ - с.Колодинка
72966	729	с.Колодинка - Красноярская ЦРБ
74965	749	Ул.Александра Солженицына - Поликлиника(Железнодорожный вокзал)
74966	749	Поликлиника(Железнодорожный вокзал) - Ул.Александра Солженицына
75165	751	пос.Преображенка - ЦУМ Самара-Пригородный автовокзал
75166	751	ЦУМ Самара-Пригородный автовокзал - пос.Преображенка
75265	752	ул.Чапаевская - Автостанция Аврора
75266	752	Автостанция Аврора - ул.Чапаевская
75267	752	ул.Чапаевская - ул.Арцыбушевская
75268	752	ул.Арцыбушевская - ул.Чапаевская
75269	752	ул.Арцыбушевская - Автостанция Аврора
75270	752	Автостанция Аврора - ул.Арцыбушевская
75271	752	ул.Чапаевская - ул.Полевая
75272	752	ул.Полевая - ул.Чапаевская
75273	752	ул.Полевая - Автостанция Аврора
75274	752	Автостанция Аврора - ул.Полевая
75275	752	ул.Чапаевская - Станция 1
75276	752	Станция 1 - ул.Чапаевская
75277	752	Станция 1 - Автостанция Аврора
75278	752	Автостанция Аврора - Станция 1
75279	752	ул.Полевая - Станция 1
75280	752	Станция 1 - ул.Полевая
75281	752	ул.Арцыбушевская - Автостанция Аврора
75282	752	Автостанция Аврора - ул.Арцыбушевская
75365	753	Губернский рынок - Совхоз Волгарь
75366	753	Совхоз Волгарь - Губернский рынок
75367	753	Губернский рынок - ул.Ульяновская
75368	753	ул.Ульяновская - Губернский рынок
75369	753	Губернский рынок - Хлебозавод № 3
75370	753	Хлебозавод № 3 - Губернский рынок
75371	753	ул.Ульяновская - Совхоз Волгарь
75372	753	Совхоз Волгарь - ул.Ульяновская
75465	754	Губернский рынок - ул.Грозненская
75466	754	ул.Грозненская - Губернский рынок
75467	754	ТД1 - ул.Грозненская
75468	754	ул.Грозненская - ТД1
75469	754	ул.Ульяновская - ул.Грозненская
75470	754	ул.Грозненская - ул.Ульяновская
75765	757	Губернский рынок - ул.Грозненская
75766	757	ул.Грозненская - Губернский рынок
75767	757	ТД1 - ул.Грозненская
75768	757	ул.Грозненская - ТД1
75771	757	ул.Ульяновская - ул.Грозненская
75772	757	ул.Грозненская - ул.Ульяновская
75865	758	ТД1 - Спорткомплекс Южный
75866	758	Спорткомплекс Южный - ТД1
75965	759	Автостанция Аврора - ул.Высоцкого
75966	759	ул.Высоцкого - Автостанция Аврора
76465	764	НФС - ул.Дзержинского
76466	764	ул.Дзержинского - НФС
76565	765	ул.Солнечная - Хлебная площадь
76566	765	Хлебная площадь - ул.Солнечная
